id_transaction,date,montant,client_id,code_postal,type_operation
TX00001,2025-05-24,4449.83,C014,G1R 2L6,virement
TX00002,2025-06-28,56.23,C018,G1R 2L6,retrait
TX00003,2025-05-05,7636.19,C018,G1V 0A6,transfert interne
TX00004,2025-06-28,7103.59,C020,G1V 0A6,virement
TX00005,2025-06-22,9726.18,C015,G1R 2L6,transfert interne
TX00006,2025-05-30,8281.01,C029,G1V 0A6,retrait
TX00007,2025-05-04,1458.57,C013,G1V 0A6,retrait
TX00008,2025-06-22,7225.32,C015,H2X 1A4,achat
TX00009,2025-05-06,7653.36,C016,G1R 2L6,achat
TX00010,2025-06-17,7184.26,C018,G1V 0A6,transfert interne
TX00011,2025-05-19,7090.64,C021,G1V 0A6,paiement facture
TX00012,2025-06-19,9886.16,C002,G1R 2L6,paiement facture
TX00013,2025-05-09,2786.08,C024,G1V 0A6,paiement facture
TX00014,2025-05-25,7229.96,C016,H1W 3K2,transfert interne
TX00015,2025-06-16,3263.67,C009,G1V 0A6,retrait
TX00016,2025-05-04,8330.88,C028,G1R 2L6,retrait
TX00017,2025-06-29,2363.73,C003,G1R 2L6,virement
TX00018,2025-06-16,7526.97,C004,H2X 1A4,achat
TX00019,2025-05-30,7351.11,C026,H2X 1A4,paiement facture
TX00020,2025-05-20,2937.67,C030,G1R 2L6,retrait
TX00021,2025-05-12,7648.83,C030,H1W 3K2,achat
TX00022,2025-05-03,3980.66,C027,H2X 1A4,paiement facture
TX00023,2025-06-14,6657.05,C015,H2Y 2B5,paiement facture
TX00024,2025-05-11,5882.16,C030,H2Y 2B5,transfert interne
TX00025,2025-05-21,1802.43,C017,G1V 0A6,paiement facture
TX00026,2025-05-07,190.77,C024,G1R 2L6,paiement facture
TX00027,2025-06-20,33.99,C025,H1W 3K2,transfert interne
TX00028,2025-05-27,2737.05,C020,G1R 2L6,transfert interne
TX00029,2025-05-08,4371.58,C030,G1V 0A6,achat
TX00030,2025-06-09,3233.04,C016,H2Y 2B5,transfert interne
TX00031,2025-05-02,9824.86,C002,H2X 1A4,achat
TX00032,2025-05-07,5708.07,C002,G1R 2L6,retrait
TX00033,2025-06-27,5850.4,C028,G1V 0A6,virement
TX00034,2025-06-03,8573.71,C009,G1R 2L6,virement
TX00035,2025-05-17,6445.78,C017,H2Y 2B5,transfert interne
TX00036,2025-05-04,4196.21,C003,H1W 3K2,transfert interne
TX00037,2025-06-21,3983.76,C002,H2X 1A4,retrait
TX00038,2025-05-09,1354.79,C027,H2X 1A4,virement
TX00039,2025-06-15,2064.15,C017,H2Y 2B5,transfert interne
TX00040,2025-05-28,2952.95,C020,H2Y 2B5,virement
TX00041,2025-06-13,5474.88,C028,H1W 3K2,achat
TX00042,2025-06-25,7922.75,C010,H2Y 2B5,virement
TX00043,2025-05-14,5236.29,C016,H1W 3K2,retrait
TX00044,2025-05-08,6857.89,C018,G1V 0A6,transfert interne
TX00045,2025-06-06,1193.32,C009,H2X 1A4,paiement facture
TX00046,2025-05-25,5552.8,C022,G1V 0A6,transfert interne
TX00047,2025-05-24,6956.88,C012,G1R 2L6,virement
TX00048,2025-05-22,1490.74,C005,H1W 3K2,paiement facture
TX00049,2025-05-26,5218.77,C019,H2Y 2B5,achat
TX00050,2025-05-24,3301.62,C020,H1W 3K2,virement
TX00051,2025-05-10,5941.52,C013,H1W 3K2,virement
TX00052,2025-06-30,2785.9,C007,H2X 1A4,transfert interne
TX00053,2025-06-21,5861.13,C030,H2Y 2B5,paiement facture
TX00054,2025-05-17,9583.58,C025,H1W 3K2,virement
TX00055,2025-05-21,2397.91,C010,H2X 1A4,retrait
TX00056,2025-05-13,7894.23,C013,G1V 0A6,paiement facture
TX00057,2025-05-26,8131.18,C018,G1R 2L6,retrait
TX00058,2025-06-03,7657.86,C026,G1R 2L6,transfert interne
TX00059,2025-06-26,8849.13,C010,H2X 1A4,transfert interne
TX00060,2025-05-16,9805.43,C016,H1W 3K2,paiement facture
TX00061,2025-06-11,1857.66,C001,H2X 1A4,achat
TX00062,2025-05-06,2009.35,C010,H2Y 2B5,paiement facture
TX00063,2025-06-24,6317.93,C005,G1V 0A6,transfert interne
TX00064,2025-05-17,2941.03,C005,G1R 2L6,virement
TX00065,2025-06-02,4913.0,C019,G1R 2L6,achat
TX00066,2025-05-08,6356.87,C010,H2Y 2B5,paiement facture
TX00067,2025-06-16,4989.55,C008,H2X 1A4,virement
TX00068,2025-06-10,138.62,C002,H1W 3K2,retrait
TX00069,2025-06-15,3420.17,C008,G1V 0A6,virement
TX00070,2025-05-10,5298.09,C003,H1W 3K2,paiement facture
TX00071,2025-05-12,7268.47,C003,H2X 1A4,virement
TX00072,2025-05-29,524.79,C006,H2X 1A4,achat
TX00073,2025-06-30,489.18,C003,H1W 3K2,achat
TX00074,2025-05-26,365.75,C014,H1W 3K2,achat
TX00075,2025-05-17,6656.5,C004,G1R 2L6,retrait
TX00076,2025-05-12,9791.17,C008,G1R 2L6,paiement facture
TX00077,2025-06-14,8559.43,C025,H1W 3K2,virement
TX00078,2025-05-19,782.3,C007,H1W 3K2,virement
TX00079,2025-06-13,5950.25,C003,H2X 1A4,virement
TX00080,2025-05-21,7460.43,C019,G1R 2L6,retrait
TX00081,2025-05-20,1602.06,C025,G1V 0A6,retrait
TX00082,2025-05-13,308.11,C011,H2Y 2B5,virement
TX00083,2025-05-21,1118.74,C004,G1V 0A6,transfert interne
TX00084,2025-06-06,1510.07,C012,H2Y 2B5,retrait
TX00085,2025-05-18,1139.34,C007,H1W 3K2,paiement facture
TX00086,2025-06-05,356.56,C030,G1V 0A6,paiement facture
TX00087,2025-05-19,3540.54,C016,H2X 1A4,retrait
TX00088,2025-05-12,2118.56,C008,H2X 1A4,virement
TX00089,2025-06-27,9870.0,C030,G1V 0A6,virement
TX00090,2025-06-15,6588.03,C027,G1R 2L6,transfert interne
TX00091,2025-05-03,352.44,C030,H2X 1A4,virement
TX00092,2025-06-23,4186.69,C026,H2Y 2B5,transfert interne
TX00093,2025-06-12,8028.27,C004,H2X 1A4,paiement facture
TX00094,2025-05-31,8969.27,C003,H2X 1A4,transfert interne
TX00095,2025-06-02,6430.3,C015,H2X 1A4,retrait
TX00096,2025-06-30,1021.88,C010,G1R 2L6,retrait
TX00097,2025-05-30,2699.49,C009,H2Y 2B5,retrait
TX00098,2025-06-22,4363.02,C005,H2Y 2B5,retrait
TX00099,2025-06-04,1494.22,C021,H1W 3K2,retrait
TX00100,2025-06-29,1516.09,C021,G1R 2L6,transfert interne
TX00101,2025-05-20,1818.56,C021,G1R 2L6,retrait
TX00102,2025-05-20,2148.81,C013,H1W 3K2,paiement facture
TX00103,2025-05-01,2785.31,C016,H2Y 2B5,retrait
TX00104,2025-06-06,4793.44,C010,H2X 1A4,achat
TX00105,2025-05-19,9992.04,C012,H2X 1A4,achat
TX00106,2025-05-12,3138.62,C026,G1V 0A6,transfert interne
TX00107,2025-05-28,7402.49,C021,H2Y 2B5,retrait
TX00108,2025-06-09,267.91,C006,G1R 2L6,paiement facture
TX00109,2025-06-18,5989.45,C018,H2X 1A4,paiement facture
TX00110,2025-06-25,8434.74,C025,H1W 3K2,transfert interne
TX00111,2025-06-25,1009.9,C024,G1V 0A6,retrait
TX00112,2025-06-26,8155.23,C005,G1R 2L6,transfert interne
TX00113,2025-06-15,2492.14,C025,H2X 1A4,achat
TX00114,2025-06-08,2613.2,C017,G1R 2L6,transfert interne
TX00115,2025-06-24,9508.34,C014,H2X 1A4,paiement facture
TX00116,2025-05-22,8178.93,C026,H1W 3K2,virement
TX00117,2025-06-18,1451.9,C002,H1W 3K2,retrait
TX00118,2025-06-03,6627.39,C007,H2Y 2B5,virement
TX00119,2025-06-05,1088.38,C027,H1W 3K2,transfert interne
TX00120,2025-05-25,2427.27,C016,G1V 0A6,achat
TX00121,2025-06-28,603.5,C005,G1V 0A6,transfert interne
TX00122,2025-05-01,2306.63,C003,H1W 3K2,transfert interne
TX00123,2025-05-06,2179.79,C007,G1V 0A6,transfert interne
TX00124,2025-06-07,3237.43,C021,H2Y 2B5,transfert interne
TX00125,2025-05-07,6317.59,C010,G1R 2L6,retrait
TX00126,2025-05-27,8482.52,C001,H2X 1A4,paiement facture
TX00127,2025-06-15,3568.26,C013,G1V 0A6,paiement facture
TX00128,2025-05-16,1399.17,C019,H2Y 2B5,virement
TX00129,2025-05-15,9826.81,C029,H2X 1A4,retrait
TX00130,2025-05-05,420.74,C019,G1R 2L6,paiement facture
TX00131,2025-06-15,8789.26,C025,G1R 2L6,achat
TX00132,2025-05-30,414.18,C029,H2Y 2B5,transfert interne
TX00133,2025-06-14,5428.37,C011,G1V 0A6,transfert interne
TX00134,2025-06-09,8231.19,C029,H2Y 2B5,paiement facture
TX00135,2025-06-03,4197.37,C013,H1W 3K2,retrait
TX00136,2025-05-29,2854.84,C021,H1W 3K2,paiement facture
TX00137,2025-05-01,9380.19,C025,G1R 2L6,paiement facture
TX00138,2025-05-19,195.54,C021,G1R 2L6,transfert interne
TX00139,2025-05-23,512.56,C024,H2X 1A4,virement
TX00140,2025-06-07,1267.89,C023,H2X 1A4,achat
TX00141,2025-05-31,2679.86,C004,G1V 0A6,transfert interne
TX00142,2025-06-09,6194.5,C009,H1W 3K2,transfert interne
TX00143,2025-05-15,3063.47,C004,H1W 3K2,retrait
TX00144,2025-06-22,3228.11,C013,G1V 0A6,achat
TX00145,2025-05-30,1046.08,C026,G1R 2L6,transfert interne
TX00146,2025-06-14,4227.76,C002,H2X 1A4,achat
TX00147,2025-05-14,3586.21,C022,G1V 0A6,transfert interne
TX00148,2025-05-20,6628.19,C024,H2Y 2B5,achat
TX00149,2025-06-16,8438.99,C020,H2Y 2B5,retrait
TX00150,2025-05-11,1828.37,C029,G1R 2L6,retrait
TX00151,2025-05-31,4576.66,C005,H2X 1A4,transfert interne
TX00152,2025-06-06,8510.83,C011,G1R 2L6,virement
TX00153,2025-05-10,3889.04,C004,H1W 3K2,achat
TX00154,2025-06-14,9861.56,C017,G1R 2L6,retrait
TX00155,2025-06-15,4435.27,C011,H2X 1A4,retrait
TX00156,2025-05-02,1449.58,C029,H2Y 2B5,paiement facture
TX00157,2025-06-10,4120.31,C018,H1W 3K2,virement
TX00158,2025-05-28,2222.99,C010,H2Y 2B5,paiement facture
TX00159,2025-06-11,7513.29,C013,H2X 1A4,transfert interne
TX00160,2025-05-30,8380.53,C025,H2Y 2B5,achat
TX00161,2025-06-12,6513.54,C015,G1V 0A6,paiement facture
TX00162,2025-05-17,8015.51,C005,H2Y 2B5,paiement facture
TX00163,2025-06-07,6110.23,C026,H1W 3K2,paiement facture
TX00164,2025-05-03,1620.22,C030,H2X 1A4,achat
TX00165,2025-05-04,9186.27,C029,H2Y 2B5,virement
TX00166,2025-05-15,7279.88,C013,H2Y 2B5,transfert interne
TX00167,2025-05-26,836.55,C005,H2Y 2B5,achat
TX00168,2025-05-27,4526.62,C004,H2X 1A4,virement
TX00169,2025-06-01,3152.7,C015,H2X 1A4,paiement facture
TX00170,2025-06-23,283.16,C028,H1W 3K2,achat
TX00171,2025-06-29,4437.49,C009,G1R 2L6,achat
TX00172,2025-05-25,6916.78,C007,H1W 3K2,virement
TX00173,2025-06-24,4684.71,C012,H1W 3K2,transfert interne
TX00174,2025-06-02,9570.89,C029,H2Y 2B5,transfert interne
TX00175,2025-05-20,8695.61,C012,G1V 0A6,virement
TX00176,2025-05-02,8688.33,C026,H1W 3K2,transfert interne
TX00177,2025-05-18,6803.22,C016,G1V 0A6,virement
TX00178,2025-06-05,8182.73,C009,G1V 0A6,retrait
TX00179,2025-05-08,9399.77,C008,G1V 0A6,virement
TX00180,2025-05-20,2228.49,C006,H1W 3K2,paiement facture
TX00181,2025-05-01,724.42,C008,G1R 2L6,paiement facture
TX00182,2025-06-15,5273.53,C005,G1V 0A6,paiement facture
TX00183,2025-05-20,1081.17,C013,H2Y 2B5,achat
TX00184,2025-05-31,8628.35,C019,H1W 3K2,virement
TX00185,2025-05-26,7738.02,C002,H2X 1A4,achat
TX00186,2025-05-17,1687.12,C025,H2X 1A4,retrait
TX00187,2025-05-24,379.7,C021,G1R 2L6,virement
TX00188,2025-06-11,1704.07,C010,G1V 0A6,transfert interne
TX00189,2025-06-27,8907.97,C005,H2X 1A4,transfert interne
TX00190,2025-06-17,7051.19,C011,H2Y 2B5,transfert interne
TX00191,2025-06-07,3908.93,C011,G1R 2L6,virement
TX00192,2025-05-01,9456.71,C030,H2Y 2B5,retrait
TX00193,2025-05-19,9365.66,C002,H2X 1A4,achat
TX00194,2025-06-25,330.22,C023,G1V 0A6,transfert interne
TX00195,2025-06-21,8821.7,C009,H1W 3K2,paiement facture
TX00196,2025-06-03,4596.08,C029,G1V 0A6,virement
TX00197,2025-05-23,8382.38,C030,H1W 3K2,retrait
TX00198,2025-06-07,6340.86,C023,G1R 2L6,retrait
TX00199,2025-05-22,740.81,C026,H1W 3K2,paiement facture
TX00200,2025-05-10,9475.39,C002,G1R 2L6,paiement facture
TX00201,2025-05-19,7356.27,C024,G1R 2L6,retrait
TX00202,2025-06-11,9979.06,C010,G1V 0A6,virement
TX00203,2025-05-21,7538.59,C017,H2X 1A4,virement
TX00204,2025-06-10,8989.7,C020,H2Y 2B5,retrait
TX00205,2025-06-15,6351.59,C027,G1R 2L6,paiement facture
TX00206,2025-06-04,809.19,C004,G1V 0A6,achat
TX00207,2025-06-02,6214.53,C001,G1R 2L6,retrait
TX00208,2025-06-08,1845.11,C028,H2X 1A4,virement
TX00209,2025-05-08,1974.51,C024,H2X 1A4,paiement facture
TX00210,2025-05-27,2523.94,C004,G1R 2L6,transfert interne
TX00211,2025-06-15,2298.22,C026,G1V 0A6,paiement facture
TX00212,2025-06-09,6045.72,C012,G1V 0A6,achat
TX00213,2025-05-05,2764.49,C017,G1R 2L6,transfert interne
TX00214,2025-05-29,46.49,C018,G1V 0A6,virement
TX00215,2025-06-05,1912.83,C025,H2Y 2B5,paiement facture
TX00216,2025-05-14,9624.6,C027,G1V 0A6,paiement facture
TX00217,2025-06-30,1846.72,C001,H1W 3K2,virement
TX00218,2025-06-26,8099.63,C021,H2Y 2B5,retrait
TX00219,2025-05-25,3406.54,C021,H2Y 2B5,retrait
TX00220,2025-06-12,3433.98,C022,H2X 1A4,achat
TX00221,2025-05-25,6190.1,C010,G1R 2L6,virement
TX00222,2025-06-30,9459.81,C010,H1W 3K2,paiement facture
TX00223,2025-05-01,6209.7,C015,G1V 0A6,retrait
TX00224,2025-06-24,5305.74,C013,H1W 3K2,achat
TX00225,2025-05-07,9288.54,C007,H2Y 2B5,paiement facture
TX00226,2025-05-16,379.89,C010,G1R 2L6,achat
TX00227,2025-06-28,6696.78,C024,H1W 3K2,retrait
TX00228,2025-06-17,9358.53,C018,G1V 0A6,retrait
TX00229,2025-06-11,2693.71,C008,G1V 0A6,transfert interne
TX00230,2025-05-27,3683.71,C005,G1V 0A6,virement
TX00231,2025-06-11,9425.59,C009,H2Y 2B5,transfert interne
TX00232,2025-05-08,9375.85,C029,G1V 0A6,transfert interne
TX00233,2025-05-13,215.66,C013,H2Y 2B5,transfert interne
TX00234,2025-06-11,5048.08,C018,G1V 0A6,virement
TX00235,2025-06-28,1425.95,C016,G1V 0A6,transfert interne
TX00236,2025-05-29,515.27,C027,H2X 1A4,virement
TX00237,2025-05-29,261.49,C015,H1W 3K2,transfert interne
TX00238,2025-05-13,4872.19,C013,H2X 1A4,retrait
TX00239,2025-05-14,4964.97,C004,H2Y 2B5,transfert interne
TX00240,2025-05-31,286.33,C030,G1R 2L6,achat
TX00241,2025-05-30,9189.88,C009,H2Y 2B5,retrait
TX00242,2025-05-27,2861.91,C025,H1W 3K2,paiement facture
TX00243,2025-05-02,9959.0,C002,H1W 3K2,paiement facture
TX00244,2025-06-23,5517.54,C003,H1W 3K2,achat
TX00245,2025-05-13,6824.72,C010,H2Y 2B5,paiement facture
TX00246,2025-06-21,4861.5,C024,G1V 0A6,paiement facture
TX00247,2025-06-29,4241.22,C017,H1W 3K2,transfert interne
TX00248,2025-06-10,2402.61,C025,H2Y 2B5,achat
TX00249,2025-05-26,7409.89,C018,H2Y 2B5,retrait
TX00250,2025-06-15,8256.74,C020,H2X 1A4,transfert interne
TX00251,2025-05-29,9669.01,C021,H2Y 2B5,achat
TX00252,2025-05-29,5630.57,C030,H2Y 2B5,paiement facture
TX00253,2025-05-12,8895.54,C007,H2X 1A4,virement
TX00254,2025-05-24,7781.4,C015,G1V 0A6,retrait
TX00255,2025-06-06,6939.04,C017,H2X 1A4,virement
TX00256,2025-06-02,3987.64,C030,G1V 0A6,paiement facture
TX00257,2025-05-01,7144.86,C009,H2X 1A4,achat
TX00258,2025-05-14,38.33,C023,H2Y 2B5,retrait
TX00259,2025-06-04,1607.13,C010,H2X 1A4,achat
TX00260,2025-05-15,6605.52,C012,H1W 3K2,paiement facture
TX00261,2025-06-10,5957.25,C012,H1W 3K2,retrait
TX00262,2025-05-30,2001.44,C011,H2X 1A4,achat
TX00263,2025-05-19,8910.08,C023,H2Y 2B5,achat
TX00264,2025-06-03,4386.49,C024,G1R 2L6,achat
TX00265,2025-05-15,3596.31,C016,H2Y 2B5,paiement facture
TX00266,2025-05-08,5171.36,C012,H1W 3K2,transfert interne
TX00267,2025-06-02,8454.05,C024,H2Y 2B5,transfert interne
TX00268,2025-06-25,5573.33,C009,G1R 2L6,retrait
TX00269,2025-06-26,9001.81,C027,H1W 3K2,virement
TX00270,2025-06-24,2907.06,C022,H2X 1A4,transfert interne
TX00271,2025-05-28,2210.21,C022,G1R 2L6,achat
TX00272,2025-05-28,6849.76,C012,H1W 3K2,retrait
TX00273,2025-05-03,7319.23,C006,H2X 1A4,virement
TX00274,2025-05-31,2847.3,C016,H1W 3K2,paiement facture
TX00275,2025-05-24,9598.57,C028,H2Y 2B5,retrait
TX00276,2025-05-01,5410.41,C013,H1W 3K2,virement
TX00277,2025-05-11,4111.01,C025,G1V 0A6,virement
TX00278,2025-06-29,8258.43,C017,H1W 3K2,retrait
TX00279,2025-05-16,793.4,C006,H2Y 2B5,virement
TX00280,2025-06-20,9548.53,C025,H2Y 2B5,transfert interne
TX00281,2025-06-12,6924.03,C018,G1R 2L6,achat
TX00282,2025-06-20,356.67,C022,G1R 2L6,virement
TX00283,2025-06-27,277.87,C027,H2Y 2B5,virement
TX00284,2025-06-28,5541.14,C019,G1R 2L6,virement
TX00285,2025-06-27,3603.5,C024,H1W 3K2,virement
TX00286,2025-06-15,7478.02,C004,H2Y 2B5,retrait
TX00287,2025-06-25,1305.15,C029,H2X 1A4,paiement facture
TX00288,2025-05-22,4177.76,C001,G1R 2L6,transfert interne
TX00289,2025-06-12,2884.89,C009,H2Y 2B5,retrait
TX00290,2025-06-21,9018.74,C010,H2Y 2B5,transfert interne
TX00291,2025-06-27,2900.05,C002,H2Y 2B5,paiement facture
TX00292,2025-05-26,5973.52,C019,G1R 2L6,achat
TX00293,2025-06-21,2099.72,C015,H2Y 2B5,paiement facture
TX00294,2025-06-15,5718.99,C021,H2Y 2B5,virement
TX00295,2025-05-07,1400.23,C015,H2Y 2B5,paiement facture
TX00296,2025-06-28,441.69,C005,H1W 3K2,achat
TX00297,2025-06-20,291.89,C002,H2X 1A4,transfert interne
TX00298,2025-06-21,9117.3,C028,G1V 0A6,retrait
TX00299,2025-05-31,8332.26,C010,G1R 2L6,virement
TX00300,2025-05-30,1942.44,C010,H1W 3K2,virement
TX00301,2025-06-02,2745.31,C008,H1W 3K2,retrait
TX00302,2025-05-09,7054.52,C004,H1W 3K2,retrait
TX00303,2025-05-28,7960.39,C003,H2X 1A4,retrait
TX00304,2025-05-18,929.13,C010,G1R 2L6,transfert interne
TX00305,2025-06-03,5043.54,C020,H1W 3K2,achat
TX00306,2025-06-24,9609.92,C016,H1W 3K2,retrait
TX00307,2025-06-06,5013.35,C005,G1V 0A6,paiement facture
TX00308,2025-06-27,9257.14,C019,G1V 0A6,virement
TX00309,2025-06-21,4839.2,C021,G1V 0A6,transfert interne
TX00310,2025-06-24,8529.47,C017,H2Y 2B5,retrait
TX00311,2025-06-03,1839.49,C015,H1W 3K2,achat
TX00312,2025-05-23,893.99,C022,G1V 0A6,retrait
TX00313,2025-06-14,7558.37,C022,H1W 3K2,transfert interne
TX00314,2025-06-19,5862.86,C028,H1W 3K2,retrait
TX00315,2025-05-29,496.9,C005,H1W 3K2,retrait
TX00316,2025-05-10,3022.61,C021,H2Y 2B5,transfert interne
TX00317,2025-05-01,453.32,C015,G1V 0A6,paiement facture
TX00318,2025-05-14,6240.15,C017,G1R 2L6,achat
TX00319,2025-05-31,4282.37,C029,H2Y 2B5,virement
TX00320,2025-05-07,6175.42,C020,G1R 2L6,retrait
TX00321,2025-06-30,2506.5,C019,G1V 0A6,retrait
TX00322,2025-06-23,4254.61,C028,G1V 0A6,achat
TX00323,2025-06-25,7937.86,C021,H2Y 2B5,virement
TX00324,2025-05-06,4396.48,C018,H2X 1A4,retrait
TX00325,2025-05-28,3467.95,C006,H2X 1A4,retrait
TX00326,2025-06-07,6243.62,C004,H2X 1A4,virement
TX00327,2025-06-05,4617.72,C018,H2Y 2B5,retrait
TX00328,2025-06-08,2058.09,C022,G1R 2L6,virement
TX00329,2025-06-25,2106.9,C012,H2Y 2B5,achat
TX00330,2025-06-03,2741.13,C002,G1V 0A6,achat
TX00331,2025-06-18,5248.14,C001,G1V 0A6,retrait
TX00332,2025-06-23,3153.67,C027,G1V 0A6,transfert interne
TX00333,2025-06-08,9587.67,C019,H2Y 2B5,achat
TX00334,2025-05-24,4564.53,C028,H2Y 2B5,paiement facture
TX00335,2025-06-09,7774.63,C028,G1R 2L6,paiement facture
TX00336,2025-06-12,8969.47,C006,H1W 3K2,virement
TX00337,2025-05-20,8241.82,C013,G1V 0A6,retrait
TX00338,2025-06-15,7423.7,C011,H1W 3K2,virement
TX00339,2025-05-27,5663.06,C004,G1R 2L6,virement
TX00340,2025-05-08,2511.17,C022,H2Y 2B5,transfert interne
TX00341,2025-05-13,9948.38,C002,G1V 0A6,virement
TX00342,2025-05-11,350.07,C016,H2X 1A4,achat
TX00343,2025-05-31,6194.99,C020,G1R 2L6,retrait
TX00344,2025-05-23,685.92,C010,H2Y 2B5,paiement facture
TX00345,2025-06-23,343.21,C009,G1V 0A6,paiement facture
TX00346,2025-06-19,8389.07,C018,H2X 1A4,virement
TX00347,2025-05-17,5441.47,C022,H2Y 2B5,retrait
TX00348,2025-05-15,568.98,C010,G1R 2L6,virement
TX00349,2025-06-29,4708.02,C029,G1V 0A6,virement
TX00350,2025-05-08,6433.42,C007,G1R 2L6,paiement facture
TX00351,2025-06-12,1370.18,C028,G1R 2L6,paiement facture
TX00352,2025-05-21,7024.76,C029,H2X 1A4,paiement facture
TX00353,2025-06-06,7408.49,C013,H2Y 2B5,retrait
TX00354,2025-06-04,9837.9,C002,H2Y 2B5,paiement facture
TX00355,2025-05-24,3133.31,C012,H2X 1A4,virement
TX00356,2025-05-25,3218.7,C006,H2Y 2B5,virement
TX00357,2025-05-28,9527.53,C014,G1R 2L6,transfert interne
TX00358,2025-05-09,5451.47,C021,G1V 0A6,transfert interne
TX00359,2025-05-07,54.16,C011,H2X 1A4,retrait
TX00360,2025-06-28,6264.58,C029,G1R 2L6,virement
TX00361,2025-05-22,8876.22,C026,H2Y 2B5,transfert interne
TX00362,2025-06-21,2051.34,C002,H2X 1A4,transfert interne
TX00363,2025-06-25,7546.59,C023,G1V 0A6,achat
TX00364,2025-05-20,2536.05,C005,G1V 0A6,transfert interne
TX00365,2025-06-05,9264.57,C027,H1W 3K2,retrait
TX00366,2025-06-10,8686.28,C011,H2X 1A4,virement
TX00367,2025-05-03,872.35,C010,H2X 1A4,achat
TX00368,2025-05-30,3267.92,C022,G1R 2L6,virement
TX00369,2025-06-29,7150.56,C003,G1R 2L6,transfert interne
TX00370,2025-06-24,7451.54,C024,H2X 1A4,paiement facture
TX00371,2025-05-19,3098.57,C009,G1R 2L6,achat
TX00372,2025-06-13,6362.95,C006,G1R 2L6,transfert interne
TX00373,2025-06-25,5250.76,C001,G1R 2L6,virement
TX00374,2025-05-10,5607.35,C026,H2Y 2B5,paiement facture
TX00375,2025-05-31,1968.39,C011,H2X 1A4,achat
TX00376,2025-05-03,5101.52,C019,G1R 2L6,transfert interne
TX00377,2025-06-21,5831.42,C020,H2Y 2B5,paiement facture
TX00378,2025-05-16,2559.01,C012,H2X 1A4,virement
TX00379,2025-06-10,5500.05,C016,G1V 0A6,retrait
TX00380,2025-05-17,6564.66,C013,H2X 1A4,paiement facture
TX00381,2025-05-18,3034.71,C011,H1W 3K2,paiement facture
TX00382,2025-05-31,7564.13,C017,H2X 1A4,paiement facture
TX00383,2025-05-06,9065.41,C008,H2X 1A4,transfert interne
TX00384,2025-05-29,6054.53,C012,H2Y 2B5,retrait
TX00385,2025-06-13,7694.75,C021,H2X 1A4,transfert interne
TX00386,2025-05-12,8653.63,C030,G1R 2L6,paiement facture
TX00387,2025-06-04,2807.96,C011,H2X 1A4,achat
TX00388,2025-05-23,8409.77,C006,G1V 0A6,virement
TX00389,2025-05-18,955.79,C030,H1W 3K2,virement
TX00390,2025-05-19,3121.54,C015,H2X 1A4,paiement facture
TX00391,2025-06-27,916.46,C021,H2Y 2B5,paiement facture
TX00392,2025-05-09,7505.67,C014,H2Y 2B5,paiement facture
TX00393,2025-05-06,9392.41,C015,G1V 0A6,transfert interne
TX00394,2025-05-15,3491.77,C007,G1R 2L6,retrait
TX00395,2025-05-05,7553.89,C008,H2X 1A4,transfert interne
TX00396,2025-06-19,7111.41,C015,H1W 3K2,virement
TX00397,2025-05-22,2059.21,C018,H1W 3K2,achat
TX00398,2025-06-04,3431.58,C007,G1R 2L6,transfert interne
TX00399,2025-05-22,7129.51,C014,G1R 2L6,virement
TX00400,2025-05-09,9084.8,C017,G1V 0A6,retrait
TX00401,2025-05-03,4354.03,C004,G1V 0A6,achat
TX00402,2025-05-28,6000.69,C001,H2X 1A4,transfert interne
TX00403,2025-05-26,855.48,C021,H2X 1A4,transfert interne
TX00404,2025-05-21,8614.1,C006,H2Y 2B5,virement
TX00405,2025-06-25,8661.53,C015,G1R 2L6,virement
TX00406,2025-06-06,2310.84,C019,H2X 1A4,retrait
TX00407,2025-05-10,8793.32,C010,H1W 3K2,paiement facture
TX00408,2025-06-06,2880.71,C002,G1R 2L6,transfert interne
TX00409,2025-06-07,1493.43,C030,H1W 3K2,paiement facture
TX00410,2025-05-11,7044.72,C002,H1W 3K2,transfert interne
TX00411,2025-05-05,2278.27,C022,G1R 2L6,transfert interne
TX00412,2025-05-12,5347.02,C013,H2X 1A4,virement
TX00413,2025-05-25,3648.11,C008,G1V 0A6,paiement facture
TX00414,2025-05-28,222.75,C018,H2Y 2B5,transfert interne
TX00415,2025-05-22,1376.78,C025,H2X 1A4,transfert interne
TX00416,2025-06-24,5894.56,C006,H1W 3K2,virement
TX00417,2025-05-15,4116.41,C027,H1W 3K2,achat
TX00418,2025-06-12,4838.13,C010,G1V 0A6,transfert interne
TX00419,2025-06-24,9840.33,C017,H1W 3K2,transfert interne
TX00420,2025-06-06,6988.82,C019,H2Y 2B5,paiement facture
TX00421,2025-05-17,6130.73,C009,H2X 1A4,retrait
TX00422,2025-05-20,17.07,C003,H2X 1A4,paiement facture
TX00423,2025-06-24,9421.62,C020,G1R 2L6,transfert interne
TX00424,2025-05-01,3190.35,C023,G1V 0A6,achat
TX00425,2025-05-14,8452.95,C012,H1W 3K2,achat
TX00426,2025-05-08,3770.32,C009,G1V 0A6,transfert interne
TX00427,2025-05-16,5455.32,C019,G1R 2L6,virement
TX00428,2025-06-22,5625.18,C020,G1V 0A6,transfert interne
TX00429,2025-06-16,2738.5,C027,G1V 0A6,achat
TX00430,2025-06-07,6489.86,C004,G1V 0A6,transfert interne
TX00431,2025-06-01,6015.18,C029,H1W 3K2,paiement facture
TX00432,2025-06-04,5476.74,C002,G1R 2L6,virement
TX00433,2025-05-03,4846.06,C026,G1R 2L6,virement
TX00434,2025-06-24,1036.71,C010,G1V 0A6,retrait
TX00435,2025-05-27,6398.83,C026,H2Y 2B5,virement
TX00436,2025-05-01,3574.47,C012,H2X 1A4,retrait
TX00437,2025-05-21,1505.29,C021,H1W 3K2,retrait
TX00438,2025-05-04,8216.27,C011,H2X 1A4,paiement facture
TX00439,2025-06-27,8487.02,C011,H2Y 2B5,paiement facture
TX00440,2025-05-16,4474.41,C025,H2X 1A4,retrait
TX00441,2025-05-17,613.6,C019,H1W 3K2,paiement facture
TX00442,2025-06-09,3178.5,C025,H1W 3K2,retrait
TX00443,2025-05-19,5583.02,C021,G1R 2L6,achat
TX00444,2025-05-11,2985.38,C025,H2Y 2B5,paiement facture
TX00445,2025-05-28,8649.31,C026,G1V 0A6,retrait
TX00446,2025-05-27,221.04,C029,G1R 2L6,retrait
TX00447,2025-05-24,3327.03,C006,H2X 1A4,retrait
TX00448,2025-05-01,2238.83,C028,H2Y 2B5,retrait
TX00449,2025-06-12,5224.38,C026,H1W 3K2,virement
TX00450,2025-06-12,7545.38,C020,H2X 1A4,virement
TX00451,2025-05-03,1278.71,C028,G1R 2L6,paiement facture
TX00452,2025-05-22,6452.51,C016,G1V 0A6,retrait
TX00453,2025-05-08,9845.43,C015,H2X 1A4,retrait
TX00454,2025-05-11,9550.92,C007,G1R 2L6,paiement facture
TX00455,2025-06-11,9422.93,C016,H1W 3K2,virement
TX00456,2025-06-23,8890.61,C008,H1W 3K2,retrait
TX00457,2025-06-25,6353.75,C015,G1R 2L6,paiement facture
TX00458,2025-05-21,5866.73,C011,G1V 0A6,virement
TX00459,2025-06-04,9685.71,C001,G1V 0A6,paiement facture
TX00460,2025-06-27,1298.6,C023,H2Y 2B5,achat
TX00461,2025-05-29,1410.55,C025,H1W 3K2,virement
TX00462,2025-05-09,5614.65,C029,H2X 1A4,paiement facture
TX00463,2025-06-20,8798.41,C003,H2Y 2B5,virement
TX00464,2025-06-12,3773.9,C002,G1R 2L6,transfert interne
TX00465,2025-06-25,6940.28,C005,G1V 0A6,paiement facture
TX00466,2025-05-05,283.66,C026,H2Y 2B5,paiement facture
TX00467,2025-05-03,1212.25,C010,H2Y 2B5,virement
TX00468,2025-05-27,4334.22,C028,G1V 0A6,virement
TX00469,2025-05-30,3644.91,C030,G1V 0A6,paiement facture
TX00470,2025-06-25,8840.1,C001,G1V 0A6,virement
TX00471,2025-05-22,9764.76,C029,H2Y 2B5,achat
TX00472,2025-05-27,4108.33,C030,G1V 0A6,virement
TX00473,2025-05-31,1966.36,C021,G1V 0A6,retrait
TX00474,2025-05-09,2202.64,C024,H2Y 2B5,virement
TX00475,2025-05-31,8606.86,C017,H2X 1A4,transfert interne
TX00476,2025-06-05,3570.16,C026,G1R 2L6,virement
TX00477,2025-05-10,9178.05,C016,H2X 1A4,virement
TX00478,2025-05-03,8487.6,C018,G1V 0A6,achat
TX00479,2025-05-22,3360.54,C030,H2X 1A4,achat
TX00480,2025-05-24,7183.08,C026,H1W 3K2,retrait
TX00481,2025-05-28,1787.48,C028,H2X 1A4,achat
TX00482,2025-05-23,8015.17,C021,H2Y 2B5,achat
TX00483,2025-05-09,1312.49,C028,H1W 3K2,virement
TX00484,2025-06-07,2211.48,C004,G1V 0A6,paiement facture
TX00485,2025-05-14,6988.0,C025,H1W 3K2,virement
TX00486,2025-06-21,4110.83,C011,H2Y 2B5,retrait
TX00487,2025-05-29,75.0,C015,G1R 2L6,achat
TX00488,2025-06-24,691.93,C020,H1W 3K2,transfert interne
TX00489,2025-05-04,2874.41,C024,H2X 1A4,retrait
TX00490,2025-06-01,6948.02,C017,G1R 2L6,transfert interne
TX00491,2025-05-25,2499.07,C018,G1V 0A6,virement
TX00492,2025-05-14,196.68,C014,H2X 1A4,achat
TX00493,2025-06-05,8317.11,C005,H2X 1A4,achat
TX00494,2025-05-02,6477.64,C024,G1R 2L6,achat
TX00495,2025-05-15,4349.29,C001,G1R 2L6,achat
TX00496,2025-06-11,4535.37,C023,G1R 2L6,achat
TX00497,2025-06-11,2037.1,C013,H2X 1A4,retrait
TX00498,2025-06-02,5367.97,C025,H1W 3K2,retrait
TX00499,2025-05-13,306.46,C008,H2Y 2B5,achat
TX00500,2025-05-17,1196.18,C029,H1W 3K2,paiement facture
TX00501,2025-05-07,1095.6,C026,H2Y 2B5,transfert interne
TX00502,2025-06-03,1095.52,C013,H1W 3K2,achat
TX00503,2025-06-19,9178.82,C014,H2X 1A4,paiement facture
TX00504,2025-05-15,7205.07,C010,G1R 2L6,achat
TX00505,2025-06-27,7189.94,C014,G1V 0A6,virement
TX00506,2025-05-11,4850.41,C022,H1W 3K2,paiement facture
TX00507,2025-05-06,9425.07,C026,G1R 2L6,paiement facture
TX00508,2025-05-06,1287.93,C010,H1W 3K2,transfert interne
TX00509,2025-06-14,7605.28,C029,H1W 3K2,transfert interne
TX00510,2025-05-29,4492.16,C007,H2X 1A4,achat
TX00511,2025-05-30,1666.27,C020,H2Y 2B5,virement
TX00512,2025-06-18,5883.68,C011,H2X 1A4,transfert interne
TX00513,2025-06-17,1763.54,C011,H1W 3K2,virement
TX00514,2025-06-28,9608.03,C014,G1R 2L6,virement
TX00515,2025-05-15,211.16,C017,G1V 0A6,virement
TX00516,2025-06-21,3444.24,C016,H2X 1A4,paiement facture
TX00517,2025-06-20,3279.21,C014,G1R 2L6,achat
TX00518,2025-05-12,6695.11,C018,G1R 2L6,paiement facture
TX00519,2025-05-30,9440.72,C017,H2Y 2B5,virement
TX00520,2025-05-02,8851.49,C004,G1R 2L6,transfert interne
TX00521,2025-06-02,5913.75,C020,G1R 2L6,paiement facture
TX00522,2025-06-15,1834.68,C013,H2Y 2B5,transfert interne
TX00523,2025-06-26,1831.94,C013,H1W 3K2,transfert interne
TX00524,2025-06-01,7267.92,C023,H2X 1A4,achat
TX00525,2025-05-20,6320.75,C006,G1V 0A6,virement
TX00526,2025-06-06,4863.51,C003,H2X 1A4,retrait
TX00527,2025-05-26,2409.83,C014,H2X 1A4,transfert interne
TX00528,2025-05-16,7204.63,C006,G1V 0A6,virement
TX00529,2025-06-18,6954.04,C002,H2Y 2B5,virement
TX00530,2025-06-19,1766.73,C004,H2Y 2B5,virement
TX00531,2025-05-31,44.2,C025,H2X 1A4,retrait
TX00532,2025-06-25,9605.96,C011,G1V 0A6,transfert interne
TX00533,2025-05-14,7483.38,C022,H2X 1A4,paiement facture
TX00534,2025-05-27,2801.15,C022,G1R 2L6,virement
TX00535,2025-05-03,8898.81,C006,H2X 1A4,retrait
TX00536,2025-06-05,6656.71,C010,H2X 1A4,paiement facture
TX00537,2025-05-04,3180.12,C023,H2Y 2B5,achat
TX00538,2025-05-13,7737.9,C025,H2Y 2B5,retrait
TX00539,2025-05-25,2655.45,C022,H2Y 2B5,virement
TX00540,2025-06-26,53.27,C021,H1W 3K2,virement
TX00541,2025-05-25,4702.41,C030,H2Y 2B5,virement
TX00542,2025-06-16,8816.56,C023,G1V 0A6,virement
TX00543,2025-06-10,4555.64,C006,H1W 3K2,virement
TX00544,2025-05-08,2408.22,C029,G1V 0A6,achat
TX00545,2025-06-19,3754.11,C030,H1W 3K2,virement
TX00546,2025-06-10,8027.39,C006,H1W 3K2,paiement facture
TX00547,2025-06-20,3298.42,C025,H1W 3K2,transfert interne
TX00548,2025-06-21,1504.39,C007,H2X 1A4,paiement facture
TX00549,2025-06-20,5810.91,C022,H2Y 2B5,paiement facture
TX00550,2025-05-29,504.64,C027,H1W 3K2,virement
TX00551,2025-06-05,6924.07,C025,H2Y 2B5,paiement facture
TX00552,2025-05-08,5078.53,C005,H2Y 2B5,retrait
TX00553,2025-06-09,4512.38,C006,G1R 2L6,retrait
TX00554,2025-05-04,7127.91,C015,G1R 2L6,transfert interne
TX00555,2025-06-23,719.53,C023,G1R 2L6,paiement facture
TX00556,2025-06-21,7501.42,C014,H2X 1A4,retrait
TX00557,2025-05-12,6505.09,C028,H2X 1A4,transfert interne
TX00558,2025-06-28,4700.71,C026,G1V 0A6,retrait
TX00559,2025-06-23,8331.63,C023,H2X 1A4,virement
TX00560,2025-06-03,9514.07,C017,G1V 0A6,retrait
TX00561,2025-06-23,6307.2,C021,H1W 3K2,virement
TX00562,2025-05-01,4522.83,C029,G1R 2L6,achat
TX00563,2025-06-23,8708.74,C014,H1W 3K2,transfert interne
TX00564,2025-05-10,7584.08,C002,H1W 3K2,virement
TX00565,2025-05-11,5350.48,C026,H2X 1A4,transfert interne
TX00566,2025-06-07,2953.53,C004,H1W 3K2,virement
TX00567,2025-05-27,2703.19,C003,H1W 3K2,paiement facture
TX00568,2025-06-06,3753.13,C003,H1W 3K2,achat
TX00569,2025-05-08,1368.53,C016,H2X 1A4,paiement facture
TX00570,2025-06-17,4709.35,C014,G1V 0A6,virement
TX00571,2025-06-11,4287.38,C020,H1W 3K2,paiement facture
TX00572,2025-05-18,6234.32,C009,G1R 2L6,retrait
TX00573,2025-05-19,1583.83,C005,G1V 0A6,achat
TX00574,2025-05-11,8593.03,C015,G1R 2L6,paiement facture
TX00575,2025-06-09,7115.4,C007,H2Y 2B5,retrait
TX00576,2025-06-24,3185.85,C010,H1W 3K2,virement
TX00577,2025-05-05,4729.21,C023,H2Y 2B5,virement
TX00578,2025-06-04,5939.62,C010,H1W 3K2,transfert interne
TX00579,2025-05-04,739.56,C024,H2Y 2B5,paiement facture
TX00580,2025-05-22,7270.31,C028,H2X 1A4,achat
TX00581,2025-05-02,1878.85,C004,H2Y 2B5,paiement facture
TX00582,2025-06-18,8175.42,C006,G1R 2L6,achat
TX00583,2025-05-30,3451.99,C005,G1R 2L6,achat
TX00584,2025-05-03,6241.33,C021,H2X 1A4,retrait
TX00585,2025-05-13,9778.68,C016,G1V 0A6,virement
TX00586,2025-05-04,85.8,C027,G1R 2L6,paiement facture
TX00587,2025-06-04,9006.57,C023,H2Y 2B5,achat
TX00588,2025-06-08,4265.83,C029,H1W 3K2,achat
TX00589,2025-06-18,6069.41,C009,H2Y 2B5,achat
TX00590,2025-05-04,9842.35,C020,H2Y 2B5,retrait
TX00591,2025-05-31,3604.7,C008,G1R 2L6,transfert interne
TX00592,2025-06-29,4864.29,C024,H2Y 2B5,retrait
TX00593,2025-05-28,2817.62,C008,G1R 2L6,virement
TX00594,2025-06-13,3571.31,C026,H2Y 2B5,paiement facture
TX00595,2025-05-30,3572.96,C017,G1V 0A6,paiement facture
TX00596,2025-06-28,9150.28,C009,G1V 0A6,retrait
TX00597,2025-06-20,9071.32,C025,G1R 2L6,achat
TX00598,2025-05-19,868.99,C029,H2Y 2B5,virement
TX00599,2025-06-10,7300.08,C009,G1R 2L6,achat
TX00600,2025-05-11,5189.2,C009,G1R 2L6,achat
TX00601,2025-06-08,3515.82,C021,H2Y 2B5,virement
TX00602,2025-06-25,5826.02,C004,G1R 2L6,paiement facture
TX00603,2025-05-11,409.22,C008,H2X 1A4,virement
TX00604,2025-06-08,3756.09,C004,H2X 1A4,achat
TX00605,2025-05-19,9838.38,C007,G1V 0A6,paiement facture
TX00606,2025-06-11,663.12,C011,H1W 3K2,paiement facture
TX00607,2025-05-05,2555.87,C011,G1R 2L6,retrait
TX00608,2025-05-29,4608.11,C024,G1R 2L6,retrait
TX00609,2025-05-01,5442.35,C006,H1W 3K2,retrait
TX00610,2025-05-28,1646.84,C006,H2X 1A4,paiement facture
TX00611,2025-06-20,7110.79,C029,H2X 1A4,paiement facture
TX00612,2025-06-09,2556.94,C026,H2X 1A4,achat
TX00613,2025-06-17,2907.85,C001,H2Y 2B5,transfert interne
TX00614,2025-06-07,1287.35,C028,H2X 1A4,transfert interne
TX00615,2025-05-28,7122.09,C007,G1R 2L6,achat
TX00616,2025-06-06,1054.31,C022,G1V 0A6,virement
TX00617,2025-06-30,6626.13,C020,H1W 3K2,achat
TX00618,2025-05-08,9592.27,C019,H2Y 2B5,retrait
TX00619,2025-05-19,9722.68,C007,G1R 2L6,paiement facture
TX00620,2025-05-08,9078.32,C026,H2Y 2B5,transfert interne
TX00621,2025-05-17,5999.51,C010,H2Y 2B5,achat
TX00622,2025-06-28,1796.54,C022,G1R 2L6,achat
TX00623,2025-06-13,2706.6,C029,G1R 2L6,achat
TX00624,2025-05-31,8775.74,C007,G1V 0A6,achat
TX00625,2025-06-09,1922.15,C026,G1V 0A6,achat
TX00626,2025-06-28,8334.15,C006,H1W 3K2,virement
TX00627,2025-05-23,7174.35,C010,H2X 1A4,retrait
TX00628,2025-06-18,8492.29,C008,H2Y 2B5,paiement facture
TX00629,2025-06-22,5334.25,C005,G1V 0A6,transfert interne
TX00630,2025-06-23,1669.68,C018,H2X 1A4,transfert interne
TX00631,2025-05-26,8141.2,C012,G1V 0A6,transfert interne
TX00632,2025-06-24,8555.82,C017,H2Y 2B5,retrait
TX00633,2025-06-20,7604.98,C025,G1R 2L6,retrait
TX00634,2025-06-24,1975.31,C027,G1V 0A6,paiement facture
TX00635,2025-06-12,3077.1,C016,H2X 1A4,paiement facture
TX00636,2025-05-02,6168.47,C008,G1V 0A6,achat
TX00637,2025-06-06,7980.27,C012,H1W 3K2,retrait
TX00638,2025-05-11,7693.96,C025,G1V 0A6,achat
TX00639,2025-05-09,3737.66,C027,H1W 3K2,transfert interne
TX00640,2025-06-29,9114.09,C003,G1R 2L6,virement
TX00641,2025-05-15,1418.0,C009,H2X 1A4,achat
TX00642,2025-06-08,282.36,C017,G1R 2L6,retrait
TX00643,2025-06-13,957.21,C015,G1V 0A6,achat
TX00644,2025-05-08,4939.66,C010,G1V 0A6,achat
TX00645,2025-05-29,9500.83,C030,H1W 3K2,retrait
TX00646,2025-05-25,4141.54,C029,H2Y 2B5,paiement facture
TX00647,2025-05-21,193.42,C006,H1W 3K2,retrait
TX00648,2025-05-25,8674.11,C021,G1R 2L6,achat
TX00649,2025-05-01,1034.67,C013,H2X 1A4,virement
TX00650,2025-06-05,397.04,C021,G1V 0A6,paiement facture
TX00651,2025-06-02,966.38,C003,G1V 0A6,transfert interne
TX00652,2025-06-21,8738.23,C010,G1V 0A6,achat
TX00653,2025-05-19,2484.84,C028,G1V 0A6,achat
TX00654,2025-05-06,1057.01,C029,H1W 3K2,achat
TX00655,2025-05-08,6033.05,C001,H2Y 2B5,retrait
TX00656,2025-05-01,7123.83,C020,H2Y 2B5,paiement facture
TX00657,2025-06-15,5481.68,C011,G1R 2L6,virement
TX00658,2025-06-13,5892.03,C016,H2Y 2B5,transfert interne
TX00659,2025-05-07,679.41,C021,G1V 0A6,paiement facture
TX00660,2025-05-01,2546.51,C021,H2Y 2B5,virement
TX00661,2025-06-27,2814.61,C018,G1R 2L6,virement
TX00662,2025-06-24,1770.1,C001,H1W 3K2,achat
TX00663,2025-05-12,4067.73,C029,H1W 3K2,achat
TX00664,2025-05-25,448.88,C028,H2Y 2B5,virement
TX00665,2025-05-15,4404.92,C004,H2X 1A4,virement
TX00666,2025-05-27,5542.7,C005,H2X 1A4,virement
TX00667,2025-05-14,947.18,C006,G1V 0A6,transfert interne
TX00668,2025-05-21,5908.85,C007,H1W 3K2,virement
TX00669,2025-06-20,1435.72,C016,H2Y 2B5,achat
TX00670,2025-05-16,3391.4,C001,H1W 3K2,retrait
TX00671,2025-05-24,1308.81,C007,G1V 0A6,transfert interne
TX00672,2025-06-15,830.67,C022,H2X 1A4,achat
TX00673,2025-06-02,8710.95,C021,G1V 0A6,transfert interne
TX00674,2025-05-28,8209.48,C010,H2X 1A4,transfert interne
TX00675,2025-05-22,5847.31,C017,G1R 2L6,transfert interne
TX00676,2025-05-08,487.41,C008,G1V 0A6,achat
TX00677,2025-05-02,9809.34,C011,H2X 1A4,transfert interne
TX00678,2025-06-19,2861.5,C027,H1W 3K2,virement
TX00679,2025-06-21,3577.96,C023,H2Y 2B5,retrait
TX00680,2025-05-02,8449.68,C026,H1W 3K2,paiement facture
TX00681,2025-05-22,7579.23,C021,H2X 1A4,paiement facture
TX00682,2025-05-06,3435.93,C017,H2Y 2B5,transfert interne
TX00683,2025-06-27,1846.34,C029,G1V 0A6,paiement facture
TX00684,2025-05-31,4445.14,C014,H2X 1A4,retrait
TX00685,2025-06-29,611.75,C001,H2X 1A4,transfert interne
TX00686,2025-05-07,5811.77,C008,G1R 2L6,transfert interne
TX00687,2025-06-18,2342.5,C029,G1R 2L6,retrait
TX00688,2025-06-22,9425.88,C015,H2X 1A4,virement
TX00689,2025-06-22,3098.2,C023,G1V 0A6,retrait
TX00690,2025-05-01,3486.6,C018,H1W 3K2,virement
TX00691,2025-05-11,2199.34,C001,H1W 3K2,virement
TX00692,2025-05-22,6938.55,C028,G1V 0A6,retrait
TX00693,2025-06-04,9131.79,C026,G1R 2L6,transfert interne
TX00694,2025-05-18,4049.49,C030,G1R 2L6,paiement facture
TX00695,2025-05-24,4162.94,C016,H1W 3K2,achat
TX00696,2025-06-23,5073.68,C001,H2Y 2B5,virement
TX00697,2025-05-26,8159.23,C022,H2Y 2B5,virement
TX00698,2025-05-04,6737.66,C021,G1V 0A6,virement
TX00699,2025-06-05,3264.11,C019,G1V 0A6,achat
TX00700,2025-06-13,1504.0,C011,G1R 2L6,achat
TX00701,2025-06-04,2463.8,C028,H2Y 2B5,achat
TX00702,2025-06-21,8442.31,C001,G1V 0A6,retrait
TX00703,2025-06-22,2870.05,C002,G1R 2L6,retrait
TX00704,2025-06-22,2385.77,C006,G1V 0A6,virement
TX00705,2025-06-29,1088.88,C008,G1V 0A6,achat
TX00706,2025-06-14,1595.5,C028,H2Y 2B5,transfert interne
TX00707,2025-06-08,702.01,C010,G1V 0A6,virement
TX00708,2025-06-20,1828.47,C020,H2X 1A4,paiement facture
TX00709,2025-06-22,4802.98,C001,G1R 2L6,paiement facture
TX00710,2025-06-06,6444.11,C030,H2Y 2B5,virement
TX00711,2025-05-17,4548.67,C013,H2Y 2B5,paiement facture
TX00712,2025-05-08,1554.67,C021,G1R 2L6,retrait
TX00713,2025-06-15,5243.51,C015,H1W 3K2,retrait
TX00714,2025-06-22,7390.53,C001,H2Y 2B5,transfert interne
TX00715,2025-06-29,6618.51,C017,H2Y 2B5,paiement facture
TX00716,2025-05-04,7851.1,C008,G1R 2L6,paiement facture
TX00717,2025-06-16,3094.0,C012,G1R 2L6,transfert interne
TX00718,2025-05-26,2008.86,C003,G1R 2L6,transfert interne
TX00719,2025-06-07,9264.84,C015,H1W 3K2,retrait
TX00720,2025-05-26,7596.65,C005,G1V 0A6,virement
TX00721,2025-05-18,45.69,C004,H2Y 2B5,virement
TX00722,2025-05-24,215.63,C016,G1R 2L6,transfert interne
TX00723,2025-05-27,9699.46,C027,H1W 3K2,retrait
TX00724,2025-06-26,9267.54,C018,H2X 1A4,retrait
TX00725,2025-06-21,5569.78,C009,H2Y 2B5,virement
TX00726,2025-06-18,4917.21,C005,G1V 0A6,retrait
TX00727,2025-05-04,9355.96,C027,H2Y 2B5,virement
TX00728,2025-05-11,8847.32,C008,H2X 1A4,retrait
TX00729,2025-05-28,3090.17,C028,G1R 2L6,transfert interne
TX00730,2025-06-27,9122.77,C021,H1W 3K2,virement
TX00731,2025-06-22,2975.92,C011,H1W 3K2,virement
TX00732,2025-06-14,9092.8,C002,H2X 1A4,achat
TX00733,2025-06-19,8496.81,C018,G1R 2L6,paiement facture
TX00734,2025-06-29,7478.38,C027,G1V 0A6,paiement facture
TX00735,2025-06-16,7732.14,C005,H1W 3K2,achat
TX00736,2025-05-24,7440.25,C022,H2X 1A4,transfert interne
TX00737,2025-05-28,8428.11,C012,G1R 2L6,retrait
TX00738,2025-06-18,6795.47,C011,H1W 3K2,virement
TX00739,2025-05-30,5259.11,C022,H2Y 2B5,paiement facture
TX00740,2025-05-14,7461.99,C021,G1R 2L6,retrait
TX00741,2025-05-21,4799.93,C022,G1V 0A6,achat
TX00742,2025-05-04,947.72,C016,H2Y 2B5,paiement facture
TX00743,2025-06-10,2064.72,C001,G1V 0A6,retrait
TX00744,2025-05-04,7841.54,C009,H2Y 2B5,retrait
TX00745,2025-06-29,7763.03,C022,G1R 2L6,achat
TX00746,2025-05-14,1098.67,C016,H2Y 2B5,virement
TX00747,2025-05-12,5555.33,C027,H1W 3K2,retrait
TX00748,2025-05-12,7169.15,C024,G1R 2L6,paiement facture
TX00749,2025-06-24,7258.8,C025,H2X 1A4,achat
TX00750,2025-05-17,9684.94,C018,G1R 2L6,retrait
TX00751,2025-05-01,8968.36,C018,G1R 2L6,virement
TX00752,2025-06-11,682.18,C006,H2Y 2B5,transfert interne
TX00753,2025-06-10,5870.57,C008,G1R 2L6,retrait
TX00754,2025-06-11,9114.72,C025,G1R 2L6,virement
TX00755,2025-05-22,8001.66,C024,G1V 0A6,paiement facture
TX00756,2025-05-24,7520.53,C028,H2Y 2B5,achat
TX00757,2025-05-06,5450.78,C014,H2Y 2B5,transfert interne
TX00758,2025-06-12,6015.73,C027,G1R 2L6,retrait
TX00759,2025-05-22,7241.66,C019,H1W 3K2,achat
TX00760,2025-06-02,6620.83,C017,H2Y 2B5,virement
TX00761,2025-06-11,2036.8,C024,H2X 1A4,achat
TX00762,2025-05-08,4063.21,C018,G1R 2L6,retrait
TX00763,2025-06-25,466.8,C024,H1W 3K2,transfert interne
TX00764,2025-06-26,1058.87,C013,G1R 2L6,virement
TX00765,2025-06-08,3830.46,C026,G1R 2L6,transfert interne
TX00766,2025-05-26,4669.15,C022,H2X 1A4,transfert interne
TX00767,2025-06-06,2981.05,C022,H2X 1A4,virement
TX00768,2025-05-19,8511.34,C011,H1W 3K2,transfert interne
TX00769,2025-06-13,3569.09,C014,G1V 0A6,retrait
TX00770,2025-06-06,4265.14,C009,H2X 1A4,retrait
TX00771,2025-05-21,5076.3,C013,G1V 0A6,retrait
TX00772,2025-06-30,515.01,C017,G1R 2L6,paiement facture
TX00773,2025-06-13,4398.81,C011,H1W 3K2,transfert interne
TX00774,2025-06-13,5264.59,C022,G1V 0A6,achat
TX00775,2025-05-03,9644.99,C027,H2Y 2B5,retrait
TX00776,2025-06-13,512.06,C027,H1W 3K2,retrait
TX00777,2025-05-12,2843.98,C013,G1V 0A6,transfert interne
TX00778,2025-06-27,1956.07,C023,H1W 3K2,transfert interne
TX00779,2025-06-28,9950.34,C020,G1R 2L6,paiement facture
TX00780,2025-05-08,7019.32,C016,H1W 3K2,retrait
TX00781,2025-06-13,1955.44,C027,G1R 2L6,paiement facture
TX00782,2025-05-16,4580.85,C018,G1R 2L6,virement
TX00783,2025-06-26,4541.08,C018,G1V 0A6,virement
TX00784,2025-06-09,6464.89,C007,H2Y 2B5,virement
TX00785,2025-06-04,372.16,C001,H2Y 2B5,virement
TX00786,2025-05-11,6665.93,C003,G1V 0A6,achat
TX00787,2025-05-24,6611.84,C005,H2Y 2B5,paiement facture
TX00788,2025-06-09,3723.46,C015,H1W 3K2,paiement facture
TX00789,2025-05-06,8171.29,C024,H2X 1A4,transfert interne
TX00790,2025-05-23,4083.69,C024,G1R 2L6,achat
TX00791,2025-05-21,1041.2,C005,G1R 2L6,retrait
TX00792,2025-05-20,4356.99,C021,H1W 3K2,retrait
TX00793,2025-05-04,4551.35,C023,H2X 1A4,paiement facture
TX00794,2025-06-24,3874.76,C024,H2Y 2B5,retrait
TX00795,2025-05-22,9631.52,C020,G1V 0A6,achat
TX00796,2025-06-14,9930.49,C016,H2Y 2B5,virement
TX00797,2025-05-23,6957.61,C020,H2Y 2B5,paiement facture
TX00798,2025-06-02,1994.42,C015,H1W 3K2,virement
TX00799,2025-05-26,4696.27,C011,H2X 1A4,achat
TX00800,2025-05-21,13.41,C015,G1V 0A6,virement
TX00801,2025-06-15,668.69,C015,G1V 0A6,transfert interne
TX00802,2025-06-14,8605.37,C025,H2X 1A4,virement
TX00803,2025-06-07,8487.59,C015,H2Y 2B5,paiement facture
TX00804,2025-06-19,6375.86,C008,H1W 3K2,transfert interne
TX00805,2025-05-06,9927.73,C013,H2X 1A4,paiement facture
TX00806,2025-05-19,7114.85,C021,H2X 1A4,virement
TX00807,2025-06-10,4305.0,C005,H1W 3K2,virement
TX00808,2025-05-22,5554.27,C021,H2Y 2B5,achat
TX00809,2025-06-01,6885.76,C002,H2X 1A4,virement
TX00810,2025-05-15,6117.49,C015,G1V 0A6,achat
TX00811,2025-05-29,86.27,C021,G1V 0A6,retrait
TX00812,2025-05-28,1888.83,C007,G1V 0A6,transfert interne
TX00813,2025-06-12,5499.96,C020,H2Y 2B5,paiement facture
TX00814,2025-06-02,6654.08,C020,H2Y 2B5,retrait
TX00815,2025-05-05,9243.76,C016,H2X 1A4,achat
TX00816,2025-05-03,4382.31,C020,H1W 3K2,achat
TX00817,2025-06-13,2361.98,C025,G1V 0A6,transfert interne
TX00818,2025-05-25,8594.69,C026,H2X 1A4,retrait
TX00819,2025-05-10,5602.07,C003,G1R 2L6,paiement facture
TX00820,2025-05-06,5446.97,C013,G1R 2L6,retrait
TX00821,2025-05-21,1546.68,C015,H2X 1A4,paiement facture
TX00822,2025-06-26,1907.41,C007,H2X 1A4,virement
TX00823,2025-06-26,3448.9,C015,H2Y 2B5,achat
TX00824,2025-06-15,1705.04,C017,G1V 0A6,achat
TX00825,2025-06-13,4767.4,C004,H2Y 2B5,paiement facture
TX00826,2025-06-27,9438.8,C020,H2X 1A4,paiement facture
TX00827,2025-05-19,58.49,C002,H2X 1A4,transfert interne
TX00828,2025-06-01,7114.66,C023,H2Y 2B5,paiement facture
TX00829,2025-06-14,6439.6,C015,G1R 2L6,transfert interne
TX00830,2025-05-29,6793.91,C008,H2Y 2B5,retrait
TX00831,2025-06-12,734.38,C019,H1W 3K2,paiement facture
TX00832,2025-05-16,5158.54,C009,G1V 0A6,achat
TX00833,2025-06-03,8054.53,C013,G1V 0A6,retrait
TX00834,2025-05-29,5861.74,C028,G1R 2L6,achat
TX00835,2025-05-13,5657.66,C011,G1V 0A6,virement
TX00836,2025-05-12,5532.46,C004,H1W 3K2,virement
TX00837,2025-05-25,8976.19,C011,H2X 1A4,virement
TX00838,2025-05-03,12.25,C010,H1W 3K2,transfert interne
TX00839,2025-06-20,4187.31,C014,H2Y 2B5,paiement facture
TX00840,2025-05-02,9373.75,C008,H2Y 2B5,achat
TX00841,2025-05-29,1165.64,C006,G1V 0A6,paiement facture
TX00842,2025-06-16,9434.34,C012,H2X 1A4,achat
TX00843,2025-05-01,3840.46,C023,H1W 3K2,virement
TX00844,2025-05-01,1444.39,C025,G1V 0A6,paiement facture
TX00845,2025-05-26,5674.66,C019,H1W 3K2,retrait
TX00846,2025-06-17,8106.63,C016,G1R 2L6,paiement facture
TX00847,2025-05-17,6157.45,C024,H2Y 2B5,transfert interne
TX00848,2025-05-22,9619.75,C019,H2X 1A4,retrait
TX00849,2025-06-05,7645.74,C017,H1W 3K2,achat
TX00850,2025-06-19,9886.01,C012,G1R 2L6,transfert interne
TX00851,2025-06-21,6137.23,C025,H1W 3K2,virement
TX00852,2025-05-06,3431.56,C015,H2X 1A4,virement
TX00853,2025-06-10,8951.46,C011,G1R 2L6,paiement facture
TX00854,2025-05-09,2649.4,C015,G1R 2L6,achat
TX00855,2025-05-02,4480.02,C030,G1R 2L6,virement
TX00856,2025-05-28,6704.25,C012,G1R 2L6,achat
TX00857,2025-06-16,9058.24,C009,G1R 2L6,virement
TX00858,2025-06-15,9965.6,C020,H2X 1A4,paiement facture
TX00859,2025-05-06,5421.36,C008,H1W 3K2,transfert interne
TX00860,2025-06-03,3100.76,C028,G1R 2L6,paiement facture
TX00861,2025-06-03,8516.07,C010,H1W 3K2,transfert interne
TX00862,2025-05-25,5716.79,C011,G1V 0A6,paiement facture
TX00863,2025-06-19,5600.2,C008,H2X 1A4,transfert interne
TX00864,2025-06-04,2265.72,C001,G1R 2L6,transfert interne
TX00865,2025-05-09,7059.19,C016,H2Y 2B5,virement
TX00866,2025-06-12,7835.78,C030,H2X 1A4,virement
TX00867,2025-05-17,4653.02,C009,H1W 3K2,transfert interne
TX00868,2025-05-09,3398.76,C017,G1R 2L6,paiement facture
TX00869,2025-06-09,3779.18,C016,H2X 1A4,paiement facture
TX00870,2025-05-17,701.03,C001,H2Y 2B5,virement
TX00871,2025-05-10,1008.22,C012,G1V 0A6,retrait
TX00872,2025-05-23,5701.92,C015,H2Y 2B5,virement
TX00873,2025-05-09,1657.0,C021,G1V 0A6,transfert interne
TX00874,2025-05-24,6705.99,C018,H2Y 2B5,retrait
TX00875,2025-05-12,1794.19,C030,H2Y 2B5,virement
TX00876,2025-06-09,6266.93,C022,H2X 1A4,transfert interne
TX00877,2025-06-06,8749.46,C017,H1W 3K2,paiement facture
TX00878,2025-05-31,7052.79,C026,G1V 0A6,retrait
TX00879,2025-06-21,2710.17,C023,H1W 3K2,retrait
TX00880,2025-06-05,8615.14,C016,G1V 0A6,achat
TX00881,2025-05-23,5932.67,C028,H2X 1A4,virement
TX00882,2025-06-15,1723.36,C023,H2X 1A4,virement
TX00883,2025-05-02,1109.08,C003,G1R 2L6,achat
TX00884,2025-05-18,4616.75,C025,G1V 0A6,transfert interne
TX00885,2025-05-21,2589.65,C003,G1V 0A6,transfert interne
TX00886,2025-06-06,9750.67,C015,H2Y 2B5,paiement facture
TX00887,2025-06-13,5488.53,C017,G1R 2L6,paiement facture
TX00888,2025-06-01,2321.62,C012,G1R 2L6,paiement facture
TX00889,2025-06-26,7699.83,C004,H2Y 2B5,virement
TX00890,2025-06-09,7808.62,C015,G1V 0A6,transfert interne
TX00891,2025-06-17,2872.3,C024,H1W 3K2,retrait
TX00892,2025-05-18,1970.15,C012,G1V 0A6,transfert interne
TX00893,2025-06-23,8411.16,C002,H2X 1A4,virement
TX00894,2025-05-13,3812.06,C022,G1R 2L6,retrait
TX00895,2025-05-18,6156.74,C028,H2X 1A4,transfert interne
TX00896,2025-05-23,3954.14,C002,G1V 0A6,transfert interne
TX00897,2025-06-04,7238.05,C026,H2X 1A4,paiement facture
TX00898,2025-06-28,569.41,C024,G1V 0A6,paiement facture
TX00899,2025-06-25,7148.38,C003,G1R 2L6,transfert interne
TX00900,2025-06-14,4383.43,C030,G1V 0A6,achat
TX00901,2025-06-16,6841.75,C007,G1V 0A6,paiement facture
TX00902,2025-06-29,7797.34,C004,H2X 1A4,paiement facture
TX00903,2025-06-29,5907.14,C014,H2Y 2B5,paiement facture
TX00904,2025-06-18,2024.63,C010,H1W 3K2,paiement facture
TX00905,2025-06-21,132.66,C017,H2Y 2B5,achat
TX00906,2025-06-19,1924.67,C014,H2Y 2B5,virement
TX00907,2025-05-22,9739.95,C018,H1W 3K2,retrait
TX00908,2025-05-26,6091.7,C014,G1R 2L6,virement
TX00909,2025-06-02,9730.25,C030,H2X 1A4,achat
TX00910,2025-05-27,1299.76,C001,H1W 3K2,achat
TX00911,2025-05-21,3347.22,C016,H2X 1A4,transfert interne
TX00912,2025-05-14,3840.0,C016,H2X 1A4,virement
TX00913,2025-06-04,2952.6,C021,G1V 0A6,transfert interne
TX00914,2025-06-14,9652.07,C018,H2Y 2B5,transfert interne
TX00915,2025-06-20,634.87,C014,H2Y 2B5,retrait
TX00916,2025-05-29,3660.82,C003,H2X 1A4,virement
TX00917,2025-05-10,2534.71,C001,H1W 3K2,achat
TX00918,2025-05-09,6750.9,C014,H2X 1A4,achat
TX00919,2025-05-26,9385.15,C026,H2X 1A4,achat
TX00920,2025-05-26,3354.87,C003,H1W 3K2,retrait
TX00921,2025-06-08,6568.42,C006,G1R 2L6,retrait
TX00922,2025-05-10,5022.04,C010,G1V 0A6,paiement facture
TX00923,2025-06-04,4714.48,C006,H2Y 2B5,achat
TX00924,2025-06-05,1360.52,C011,H2X 1A4,virement
TX00925,2025-05-25,7238.64,C001,G1R 2L6,transfert interne
TX00926,2025-05-23,2771.7,C006,G1V 0A6,paiement facture
TX00927,2025-05-17,9773.12,C019,H2X 1A4,transfert interne
TX00928,2025-05-15,7671.52,C030,G1V 0A6,transfert interne
TX00929,2025-06-25,7897.35,C010,G1R 2L6,achat
TX00930,2025-06-17,682.35,C008,H2Y 2B5,virement
TX00931,2025-06-04,9403.09,C019,H1W 3K2,virement
TX00932,2025-06-18,6786.18,C027,G1V 0A6,transfert interne
TX00933,2025-06-19,204.83,C019,H2X 1A4,retrait
TX00934,2025-06-29,7715.67,C009,G1V 0A6,transfert interne
TX00935,2025-06-25,4642.52,C007,H2Y 2B5,virement
TX00936,2025-06-03,8409.85,C007,G1V 0A6,paiement facture
TX00937,2025-05-27,1823.97,C016,H1W 3K2,retrait
TX00938,2025-05-07,1932.44,C023,G1V 0A6,achat
TX00939,2025-05-03,9214.51,C010,H2X 1A4,paiement facture
TX00940,2025-05-22,3800.71,C022,G1R 2L6,paiement facture
TX00941,2025-06-19,8645.21,C011,H2Y 2B5,transfert interne
TX00942,2025-06-20,5246.2,C007,H2Y 2B5,transfert interne
TX00943,2025-06-06,4636.22,C011,G1R 2L6,achat
TX00944,2025-06-16,8661.95,C021,H1W 3K2,achat
TX00945,2025-05-16,1914.58,C006,G1V 0A6,achat
TX00946,2025-06-15,5105.09,C006,H2Y 2B5,retrait
TX00947,2025-05-03,9792.83,C024,H2Y 2B5,achat
TX00948,2025-06-30,2271.61,C025,H2X 1A4,achat
TX00949,2025-06-08,5213.81,C016,H2X 1A4,achat
TX00950,2025-06-27,5265.37,C024,G1V 0A6,achat
TX00951,2025-05-01,9768.8,C029,H2Y 2B5,paiement facture
TX00952,2025-05-21,8927.94,C011,H2X 1A4,retrait
TX00953,2025-05-29,2953.35,C018,G1R 2L6,virement
TX00954,2025-05-25,2757.52,C029,H2Y 2B5,paiement facture
TX00955,2025-06-12,8734.39,C022,H1W 3K2,retrait
TX00956,2025-05-06,4715.13,C024,G1R 2L6,retrait
TX00957,2025-05-17,3945.05,C017,G1R 2L6,retrait
TX00958,2025-05-22,4484.08,C024,H1W 3K2,achat
TX00959,2025-06-25,2033.46,C030,H2X 1A4,virement
TX00960,2025-05-17,2471.84,C002,H2X 1A4,transfert interne
TX00961,2025-05-26,9696.06,C024,G1V 0A6,transfert interne
TX00962,2025-05-22,7933.26,C019,H2Y 2B5,virement
TX00963,2025-06-24,6249.91,C014,G1V 0A6,transfert interne
TX00964,2025-06-21,7160.15,C002,H2Y 2B5,achat
TX00965,2025-06-22,4401.45,C030,G1V 0A6,retrait
TX00966,2025-05-10,474.12,C026,H1W 3K2,retrait
TX00967,2025-06-08,7175.4,C015,H2Y 2B5,achat
TX00968,2025-06-09,2114.8,C021,G1V 0A6,achat
TX00969,2025-05-10,4253.5,C002,H2X 1A4,transfert interne
TX00970,2025-05-15,4237.73,C005,G1V 0A6,transfert interne
TX00971,2025-06-07,8941.53,C006,G1R 2L6,transfert interne
TX00972,2025-05-13,7155.87,C022,H2Y 2B5,achat
TX00973,2025-05-25,7268.72,C012,G1R 2L6,virement
TX00974,2025-06-21,6728.69,C013,H1W 3K2,retrait
TX00975,2025-05-18,349.22,C009,H2Y 2B5,virement
TX00976,2025-06-01,1444.68,C018,H2X 1A4,transfert interne
TX00977,2025-06-20,720.65,C009,G1R 2L6,transfert interne
TX00978,2025-05-08,917.73,C014,G1R 2L6,achat
TX00979,2025-05-09,6589.97,C001,H2Y 2B5,achat
TX00980,2025-05-10,3184.48,C014,G1V 0A6,paiement facture
TX00981,2025-06-02,8374.25,C012,G1R 2L6,paiement facture
TX00982,2025-05-28,9212.1,C026,G1R 2L6,paiement facture
TX00983,2025-05-27,7624.14,C013,G1V 0A6,retrait
TX00984,2025-06-14,2720.36,C002,H1W 3K2,retrait
TX00985,2025-06-07,8277.09,C007,G1V 0A6,transfert interne
TX00986,2025-05-12,7294.68,C013,H2Y 2B5,transfert interne
TX00987,2025-06-14,3345.91,C026,H2Y 2B5,transfert interne
TX00988,2025-05-20,7585.06,C028,G1R 2L6,paiement facture
TX00989,2025-05-11,4215.8,C029,H2Y 2B5,retrait
TX00990,2025-06-27,5693.79,C004,H2X 1A4,paiement facture
TX00991,2025-06-08,3185.69,C014,H1W 3K2,achat
TX00992,2025-06-16,4426.31,C004,H1W 3K2,achat
TX00993,2025-06-14,3015.54,C028,G1V 0A6,transfert interne
TX00994,2025-05-29,2447.15,C022,H2X 1A4,retrait
TX00995,2025-05-16,1628.29,C020,H2X 1A4,virement
TX00996,2025-06-17,4348.74,C008,H1W 3K2,achat
TX00997,2025-05-02,1330.6,C020,H2Y 2B5,achat
TX00998,2025-05-22,6010.14,C005,H2X 1A4,retrait
TX00999,2025-05-04,5054.59,C004,H2X 1A4,virement
TX01000,2025-06-24,3962.99,C023,H2X 1A4,transfert interne
TXFRAUDE001,2025-06-15,9999.99,C999,H2X 1A4,virement
TXFRAUDE002,2025-06-15,9999.99,C999,H2X 1A4,virement
TXFRAUDE003,2025-06-15,9999.99,C999,H2X 1A4,virement
TXFRAUDE004,2025-06-15,9999.99,C999,H2X 1A4,virement
TXFRAUDE005,2025-06-15,9999.99,C999,G1V 0A6,virement
TXFRAUDE006,2025-06-15,222.22,C998,H1W 3K2,retrait
TXFRAUDE007,2025-06-15,222.22,C998,H1W 3K2,retrait
TXFRAUDE008,2025-06-15,222.22,C998,H1W 3K2,retrait
TXFRAUDE009,2025-06-20,300.0,C997,G1R 2L6,achat
TXFRAUDE010,2025-06-20,500.0,C997,H2Y 2B5,achat
TXFRAUDE011,2025-06-20,500000000000.0,C997,H2Y 2B5,achat
TXFRAUDE012,2025-06-20,500.0,C997,H2Y 2B5,achat
TXFRAUDE013,2025-06-15,1000.0,C998,H1W 3K2,virement
TXFRAUDE014,2025-06-15,1000.0,C998,H1W 3K2,virement
TXFRAUDE015,2025-06-15,1000.0,C998,H1W 3K2,virement
TXFRAUDE016,2025-06-15,1000.0,C998,H1W 3K2,virement
TXFRAUDE017,2025-06-15,1000.0,C998,H1W 3K2,virement
TXFRAUDE018,2025-06-15,1000.0,C998,H1W 3K2,virement
TXFRAUDE019,2025-06-15,1000.0,C998,H1W 3K2,virement
